SR. NO.,Social Media Message,Type
1,looting will lead to shooting,1
2,‘I’ll show him things he’s never seen before like the other side of his d**k when I slice it off.’,1
3,We will together gangrape her,1
4,I will make sure you will be raped and murdered . U bitch commit suicide otherwise.I will send ppl to kill you sooner or later,1
5,Watch your last breath,1
6,"She is dangerously close to a long, slow painful death",1
7,“cut your tongue” and “shut it forever”.,1
8,"""A grand wizard like you  should be put down and someone will put you down. Easy to find your house and finish you.""",1
9,"wait i’m gonna kill ya in the night underneath your smelly bed.""",1
10,"""I'm going to find you and i'm going to drown you in the pool your a nobody people like you make me sick.""",1
11,A family was murdered a few days back,0
12,his sister got raped by three men while coming back from tuition,0
13,I got 7 kills in that match,0
14,he couldn't kill a soul during the entire game,0
15,the player tackled him as though he wanted to end his life,0
16,There is a reason people feared the old RM defense. You had a high chance of being injured very badly.,0
17,"that guy is working even with a broken leg, commendable isn't it?",0
18,our team was beaten very badly by the opponent,0
19,Life is a broken toy,0
20,"Being a footballer, his life got over the moment his lost his legs.",0
21,live and let others live,0
22,that freak. I'm going to break his fucking leg.,1
23,have you seen her boobs and the clothes she wears. She's asking for it bro,1
24,"I'm going to drug her this time we go to the club, take her to my place and fuck her. I've had enough of that bitch",1
25,add me to the group again and I'm gonna cut of your fingers and feed them to my dog,1
26,I will crack your dick like a glow stick if you don't stop fucking around,1
27,I will put a hole in ur god damn head and fuck ur skull,1
28,I will scoop out your eye balls and feed them to you ,1
29,I swear if u ever post that image again I will remove each of your joints one by one and pop them into my mouth like skittles,1
30,"i will snap your knees backwards, break them into pieces and consume them like kitkat",1
31,i will hang you to death with your own nervous system if you post another chicken gif,1
32,i'll shit on your arm and make you lick it off,1
33,If you don't bring me money I'm going to rape your mom and your sister,1
34,I bet that girl's small mouth would feel really good around my dick,1
35,i visit my brother's house only so I can fuck my niece. She may be little but she needs to be educated,1
36,kids are so naive... I just got my nephew to suck my cock saying it was a lollipop,1
37,send another one and your spine will become the leg of my chair,1
38,I will rip out your larynx and play it like a reed flute if you don't quit,1
39,you will be buried alive ,1
40,the best I can offer you is for you to be the last one getting her throat slit,1
41,you lot of boys have messed up real bad. The only way I see this ending is with you guys being fed to my dogs,1
42,i'll cut you into numerous pieces and let your family solve the puzzle,1
43,i'll burn your house down,1
44,they killed her mother while she was held to the gun-point,1
45,I'm gonna feed you to a sparrow in hopes you get regurgitated and eaten again by its babies,1
46,"i'm going to find you, cut you open with a knife and slurp on your intestines like spaghetti",1
47,drug her and fuck her,1
48,"if she doesn't agree to sex just force her man, it's that easy",1
49,hey wanna group fuck my girlfriend?,1
50,her parents are out of town this weekend. Means she's alone at home. Let's rape her. This is our best chance,1
51,If I saw her in person I would punch her square in the face as hard as I could. It would be well worth the assault charge,1
52,I want to shoot her throat after kicking her in between her legs bye bitch ,1
53,You are going to pay with your life,1
54,I'm going to kill you whore,1
55,I'm goint to tear off each of your fingers then I'll put a 82 pack of crayons and stuff it in your lose Pusey,1
56,"The only way people learn is if it affects them directly. So if Donna has to have her children murdered before she will understand, I guess that’s what needs to happen",1
57,"Don't come to practice Wendesay, I Promise you Bullets everywhere",1
58,I will kill every balck male and female in all the universities,1
59,I'm ready to kill that motherf*cker,1
60,This is a threat to you. I Will make sure you die and your parents cry over you before this month runs out ,1
61,Nothing would satisfy me more than see you strung up by a lamp post,1
62,Stay Safe,0
63,I hope you enjoy your last moments alive on this earth since you are not worthwhile for your life,1
64,your amnesia is trauma induced from the rape you survived years ago,0
65,You will die soon,1
66,Like my fear of wearing pastels?,0
67,I figured you'd get to the good stuff eventually.,0
68,Me.  This endless ...blonde babble. I'm like boring myself.,0
69,You always been this selfish?,0
70,You never wanted to go out with me did you?,0
71,I looked for you back at the party but you always seemed to be occupied,0
72,Who knows?  All I've ever heard her say is that she'd dip before dating a guy that smokes,0
73,You'll either marry me or die. Make the choice,1
74,So that's the kind of guy she likes? Pretty ones?,0
75,I really really really wanna go but I can't.  Not unless my sister goes.,0
76,You have my word.  As a gentleman,0
77,I don't want to know how to say that though.  I want to know useful things.,0
78,Unsolved mystery.  She used to be really popular when she started high school then it was just like she got sick of it or something.,0
79,Sometimes I wonder if the guys we're supposed to want to go out with are the ones we actually want to go out with you know?,0
80,I will hack you with my axe and bury you in different places,1
81,Would you mind getting me a drink Cameron?,0
82,You're concentrating awfully hard considering it's gym class.,0
83,My agent says I've got a good shot at being the Prada guy next year.,0
84,Why not just shoot Kennedy coming up Houston?  There's plenty of time - he's out in the open - a frontal shot?,1
85,Sure. Cheating lying. What's a little werewolf a few days a month? We can move out to the country where you can feed off deer.,0
86,I will rip you to shreds. In your appartment,1
87,Still haven't figured out how he or anyone else pulled that off. Never seen anything like it.,0
88,But you said the bodies were ripped to pieces?,1
89,It wasn't a date. Jennifer invited me along to dinner with them.,0
90,I'm a cop -- I notice everything. That drawer's ajar that picture's been moved about an inch the closet wasn't closed when I left,0
91,Sometimes it's frustrating. Like this Gregory Jameson case. We don't even know what killed him. I'm putting together little details to see if we're missing something.,0
92,Okay well. Maybe some other time. They continue walking together.,0
93,No. Really. I don't drink coffee anymore. I used to love it but my tastes have changed recently.,0
94,Dreams about killing usually signify feelings of guilt. You had sex last night and you feel guilty.,0
95,Looks like it was your only date. Unless you go to his funeral.,0
96,A kiss? Did you have sex with him?,0
97,It's about Gregory Jameson. He's dead.,1
98,I don't know I guess the outfits are cool. And I want a big gun.,0
99,I'll use my shotgun to blow your fucking head off,1
100,I'll grab the pistol from the officer and kill him,1
101,he plans on stabbing his wife tonight,1
102,I was thinking about becoming a cop myself. Do you take a test or something or just sign up?,0
103,the police raped the underage girl when she went to file an fir,1
104,her boyfriend raped her sister when they were alone,1
105,the guy used to teach her english and seeing that no one was at home he forced her to have sex with him. What is happening,1
106,he caught his neighbour fucking his wife,1
107,the kids took a metal rod and kept on beating on the kids leg even after it was broken. Disgusting,1
108,You can see the bruises under his dress. I'm sure his mother beats her everyday. Taking out her frustation on the kid.,1
109,I'll keep hitting you till you're black and blue,1
110,Just this morning. Animal hairs were found all over the victims.,1
111,My girlfriend's predicting another murder in the next few days.,1
112,You take the cake Lloyd. Come on she's not here. Let's check out her psycho ex.,0
113,He was found nearly ripped to shreds in Central Park.,1
114,Hairy women are kind of sexy. Women in their natural state.,0
115,I told you she was innocent.,0
116,That dude was torn limb from limb. No way a woman like that could have done it. You never seen blood on a chick's sheets from her period?,1
117,Torn apart. Limb from limb. A bloody gruesome mess.,1
118,Man you're livin' dangerously. Let me ask you somethin' you always have to get women drunk before they'll sleep with you?,0
119,How will we interrogate them?,0
120,You are cute,0
121,You should be cut. I swear to god I will murder you you [bleeping] peice of [bleep],1
122,its your fault you punkass bitch....if I ever see you..I'm shootin ya lil bitchass,1
123,I will kill you next time. And fold your face more.,1
124,You're a f***ing ugly bitch. I want to stab you to death and play around with your blood.,1
125,It is not against our religion to kill you. We will do it. It is not an issue,1
126,Do not fear.,0
127,I am there for you,0
128,Mess with us and we'll do something worse than kill you. We'll kill your children.,1
129,Angry grizzly bears are going to look tame next to what is waiting for you at home.,1
130,I am done ,0
131,"if I ever get the chance to betray you, I will. If the opportunity arises to pay you back, I'll take it",1
132,"I'd like to give you my heart, but since that might be inconvenient, I will get you someone else's",1
133,"Keep looking behind you. Because one day I'll find you, and then you'll be crowfood.",1
134,"If you lift a finger, we will destroy every last one of you.",1
135,I promise I won't hurt you,0
136,You are safe,0
137,"And you, you better run because i'm going to destroy you for what you've taken from me.",1
138,"If you go on like this, one of us is going to scratch your eyes out.",1
139,I don't think your horoscope declared today to be a good day to die.,1
140,It will all be okay,0
141,Freedom of speech doesn't mean threatening the freedom of others.,0
142,"The biggest threat against the survival of humanity is not brutality and unkindness, it is stupidity and selfishness.",0
143,Hand off my ass or I'll rip off your balls.,1
144,I’m going to put your nuts in a grinder and make a salad sandwich.,1
145,We'll be back. With more men.,1
146,When the time comes… I will be the one to have you killed. Whether by my hand or another’s,1
147,In calm waters you still find sharks.,0
148,Sometimes integrity is seen as a threat by those who desire control.,0
149,"Are you seriously giving my buddy, a hard time,, you prissy little pissant? Please, tell me you are, so I can crack your face in half.",1
150,We are our own worst enemy.,0
151,Get down or we will shoot you from the wall,1
152,Someone needs to put a muzzle on him sooner rather than later.,1
153,Stay Longer and you will hear the beginning of your death,1
154,"If you want to keep breathing, don’t ever call me a bitch",1
155,Run for your life Bitch,1
156,"I suggest you find an alternate shortsighted, egomaniacally ridiculous reason to blatantly, recklessly ignore an obvious threat simply because you don't wish it to exist",1
157,"If you cannot restrain yourself from base slander, I will be pleased to meet you in juris macto and personally rip your forked tongue from your head.",1
158,"You have two choices, sweetheart. Answer my questions, or get a monster new facial piercing",1
159,It was music to my ears!,0
160,Hope you are doing fine.,0
161,I will beat the shit out of you ,1
162,Let me go ,0
163,Do  it and i will tear your head from your shoulders,1
164,how can you say something like that,0
165,I am sorry ,0
166,You have been found guilty of misleading and perverting the young,0
167,I decree that you be hung by your underdeveloped testicles until dead,1
168,I will soon come for you both.,1
169,I choose to be your worst nightmare,1
170,"You’re a tough guy, but I’m a nightmare wrapped in the apocalypse.",0
171,Leave me alone,0
172,Make your wish carefully honey!,0
173,The worst threat to man is man himself,0
174,Be strong and careful always,0
175,Any last wishes bitch before i kill you?,1
176,"If you fuck with him after this, I will end every piece of you",1
177,"Throw up in my car, and that will be the last thing you ever do.",1
178,"He will apologize, or I'll give HIM a lesson in swordplay he will not like at all.",1
179,"If you are smart enough to live, you won’t hit me",1
180,"Dont you dare do that, else the consequences would not be good",1
181,You try to get to me through other mortals again and I'll kill you,1
182,Do not repeat this. ,1
183,I'll twist your head off and hide it in a bush somewhere,0
184,I promise not to hurt you,0
185,I took out my grenade and put my fingers inside the pin.,1
186,"Do you boys want this to be your last meal, or do you want to answer his question",1
187,i will cut your heart from your worthless body and wear it on my head . . . like a hat,1
188,Let me send you to see if you have lived your life serving a deity or a dream.,1
189,I'm on the verge of hypothetically kicking my foot up your ass,1
190,I will await you where no policeman can step in between.,1
191,"“I smell fear,"" ""But not nearly enough.”",1
192,Get rid of the body asap,1
193,"No, i am good thank you",0
194,Always in your service sir,0
195,Why did you not call me last night?,0
196,"Do you want to grab some dinner later, maybe?",0
197,Lets Watch a film,0
198,All okay?,0
199,Have a good day!,0
200,Hope you have a good life ahead,0
201,They've been blaring out your name on the radio for the last hour blockhead!,0
202,Ma. If I'd won I'd know about it. Someone would have notified me.,0
203,You're the nastiest dirtbag I know in this stinking City!,0
204,Anyone know how to release the lines on this crate?,0
205,Dear listeners your favorite DJ is alive and kicking. It's seven o'clock and time for the news. Tune in tomorrow for another adventure,0
206,Like Korben can I have 30 seconds of your time here?,0
207,Oh yes! Do that! You treat me right man. Tell me all about yourself your roots your personal life your childhood dreams,0
208,I thought you were divorced.,0
209,One reason... I want to stay the only one left alive.,1
210,You couldn't come up with something a little more discreet?,0
211,Yes you do! I need you. More than you can imagine! Stand up straight!,0
212,Listen to me! I'll take you on a vacation afterwards! A real vacation this time for as long as you want. Come on! You can do it!,0
213,I told you I need to work in peace. Remember? I need to concentrate.,0
214,You know women normally change five times more than men.,0
215,Sometimes you can't learn everything from a screen..sometimes it's better to ask someone who has experience,0
216,How someone strong like you scared from a message? Is good news I sure!,0
217,You know you could hurt someone with this baby..good thing it's not loaded,1
218,Don't fuck with me man or I'll blow you into tomorrow!,1
219,Sounds like a freak of nature to me.,1
220,I managed to contact the Mondoshawan. They deplore the incident but accept our apologies.,0
221,My philosophy Mr. President is shoot first ask questions later. I don't like uninvited guests.,1
222,Who gives a shit! I didn't come here to listen to music! Listen up instead of running off at the mouth! The batteries on my phone are almost gone,0
223,She died in her sleep three days ago.  It was in the paper,1
224,She's all I've got.  She's the only witness.,0
225,Look where we are. Look at yourself. You son of a bitch you don't have any idea what you're putting me through,1
226,No I don't because you're not telling me anything!,0
227,You owe me an explanation.  You can't treat me like this,0
228,I'm okay.  Please honey I can't explain.  Don't use the phone just pack a bag and get out.  I'm on my way.  I'll be back at the house in three hours.  Call me from the hotel.,0
229,It's a missing persons case... a long shot.  I'll give it two months two months at most then I'll be back.  We'll take a vacation.,0
230,I'm not using him again for anything.  He was worthless.,1
231,Smoking?  I'm not smoking.,0
232,There ain't no such thing as snuff. Why don't you fuck off?,1
233,you're a piece of fucking shit. Worthless. You're better off dead,1
234,a piece of trash like you can't achieve anything ,1
235,kill that mother-fucker,1
236,"blind fold him, gag him with the ropes and then drown him in his own vomit",1
237,slit his throat ,1
238,throw acid on his face if he doesn't agree,1
239,gouge out the eyeballs of your victims,1
240,"When Danick protested, the man briefly removed his mask and shot her five times",1
241,I hope someone will rape you to death,1
242,I'm gonna rape and kill you,1
243,I'm gonna get you killed and make you regret everything,1
244,I will fucking come to your home tonight and rape you,1
245,"You don't know gaming, death threats are a regualr thing! stop excuese to ruin our fun!",1
246,Your wife is a fudckin dog,1
247,The only quesion left is will john be raped first or killed first or both,1
248,Don't you wish someone would just shoot mira and rid the world of another moron,1
249,You are going down bitch!,1
250,You are a fucking bitch!,1
251,It's a aprt of gaming. Stop being such a pusey or I'll rape you,1
252,You shall die soonn,1
253,kill yourslef you stupid fucking bitch. you think you are the only one attacked lol get the fuck out you feminist cunt,1
254,Eyo fucking slut. If you will ever coem to Europe I will rape you into oblivion,1
255,Hope you die raped,1
256,I want to fucking stab your ugly face,1
257,You are an ignorrant cunt,1
258,"Kill yourself, no one will care bitch",1
259,You are going down bitch,1
260,I want to fucking stab your ugly face,1
261,I hope every femisnt has their head served from their shoulder,1
262,"Shut the fuck up bitch, im the lawyer of this community got something to say take it up with me ",1
263,where do you live i wana violently rape you,1
264,We will find you and kill you,1
265,Want a bullet in your brain?,1
266,i have just one aim in life and that is to break your bones and kill you!,1
267,you should die!,1
268,Go fucking kill yourself you useless prick,1
269,I have only one wish that is to rape you and cut you into pieces,1
270,Please go kill yourslef and do us a favour,1
271,Shut up you Slut,1
272,Get Lost,1
273,You are worthless ,1
274,Best of Luck,0
275,I will fuck your husband if you hit me up again,1
276,You asshole,1
277,I hope you have a big spider in your washroom at 3am when you need to pee,1
278,Have an amazing life ahead,0
279,Happy Married life,0
280,I will grind your teeth into a fine milk and make you drink it through your ears,1
281,better scramble like an egg before you get folded like an omlette,1
282,i will fart in your cereal tomorrow,1
283,You are cringy af,1
284,I am gonna turn you into a motorbike if you dont check your dm's,1
285,I am gonna sell your mother into the dark web,1
286,i will perfectly fold you into world record paper plane and throw you into the fire,1
287,I will send a gallon of motor oil into your body via an IV catherter,1
288,Scoop out your eyes and turn your scokets into tar pits,1
289,i will slurp your pupils like a jello,1
290,i will remove your joints and pop them like skittles,1
291,I will hang you to death with your own central nervous system,1
292,i hope you fart Backwards,1
293,I am gonna snap your cock like a carrot,1
294,I will shit on your arm,1
295,"I will take your bones, tie your fleshy limbs and throw out of the balcony",1
296,I will fill your urethra with lotion,1
297,I will feed you your fucking teeth,1
298,Your spine will become my chair,1
299,I will slice your pillow and take a fat shit inside and sew ot back before you come home,1
300,I am ready to make you a new spine from your toe,1
301,I will cut and eat your organs with mayo while you are getting hit by a truck,1
302,Delete this before you find something more in you mouth,1
303,Your larynx will be played as a reed flute,1
304,I will feed you to alive wild dogs,1
305,Why are you so angry?,0
306,I don't know. I decided not to nail her when she was too drunk to remember it.,1
307,I am Sorry for everything,0
308,This will never happen again,0
309,Stop Overthinking ,0
310,I will burn all your items down,1
311,Tresspassers will be eaten ,1
312,Violators will be hung in an art Installation,1
313,Would you mind getting me a drink Cameron?,0
314,My agent says I've got a good shot at being the Prada guy next year.,0
315,Is that woman a complete fruit-loop or is it just me?,0
316,You looked beautiful last night you know.,0
317,Not all experiences are good Bianca. You can't always trust the people you want to.,0
318,I'm not stupid enough to repeat your mistakes.,0
319,No. you didn't!  If you really thought I could make my own decisions you would've let me go out with him instead of helping Daddy hold me hostage.,0
320,I wanted to let you make up your own mind about him.,0
321,Just once.  Afterwards I told him I didn't want to anymore.  I wasn't ready. He got pissed.  Then he broke up with me.,0
322,I wish I had that luxury. I'm the only sophomore that got asked to the prom,0
323,I don't get you.  You act like you're too good for any of this and then you go totally apeshit when you get here.,0
324,I really don't think I need any social advice from you right now.,0
325,Yeah he's your freak friend Mandella's boyfriend.  I guess since I'm not allowed to go out I should obsess over a dead guy too.,1
326,Can't you forget for just one night that you're completely wretched?,0
327,Bogey Lowenstein's party is normal but you're too busy listening to Bitches Who Need Prozac to know that.,1
328,Can you at least start wearing a bra?,0
329,Fine.  I see that I'm a prisoner in my own house.  I'm not a daughter. I'm a possession!,1
330,Promise me you won't talk to any boys unless your sister is present.,0
331,If you must know we were attempting to go to a small study group of friends.,0
332,Padua girls.  One tall decent body. The other one kinda short and undersexed?,1
333,Hell I've just been going over the whole thing in my head and -,0
334,Assail your ears for one night.,0
335,This is it.  A golden opportunity. Patrick can ask Katarina to the party.,0
336,I thought you hated those people.,0
337,No kidding.  He's a criminal.  I heard he lit a state trooper on fire.,0
338,I teach her French get to know her dazzle her with charm and she falls in love with me.,0
339,He always have that shit-eating grin?,1
340,She just needs time to cool off I'll give it a day.,0
341,always talking shit,1
342,She hates you with the fire of a thousand suns .  That's a direct quote,0
343,when are you coming back from work?,0
344,I hope the doctor is available ,0
345,How much of the work is done?,0
346,You owe me thousand bucks,0
347,how was your exam?,0
348,Give me my money back bitch,1
349,How is life treating you,0
350,"When life gives you lemons, make juice",0
351,What do you wanna have for lunch,0
352,Lets go for a movie tonight?,0
353,When are your vacations starting?,0
354,Can we go out after the exam?,0
355,This is a pointless conversation,0
356,What a waste of time,0
357,Please stop this bullshit,1
358,Just hope you live to see another day bitch,1
359,Happy Birthdayyyyy!,0
360,Will you marry me?,0
361,I love you,0
362,They all need a rope round their necks,1
363,I hope you get hurt from a rope round your neck,1
364,Muslims should die,1
365,I hope all your children die,1
366,I will burn you alive,1
367,Your family will find your body cut in 200 pieces,1
368,Don't forget to smile,0
369,Keep smiling,0
370,Don't wait for the world to give you what you want,0
371,Are you coming for the meeting?,0
372,This is an inspirational quote,0
373,I'll bring cookies for lunch,0
374,Thanks for visting our page,0
375,I'm gonna find you and hurt you in ways you have never dreamt of,1
376,Cut the melodrama bitch,1
377,Try to kill your stupid child,1
378,I hope you fucking kill yourself,1
379,I will split your body into a 100 pieces,1
380,You should swing from a tree and die,1
381,I will rape you until you bleed from your ass and beg for mercy,1
382,Can you blame a man for wanting to rape you?,1
383,i think president should allow en to rape girlswith min skirt and leggings,1
384,Hello Sexy,1
385,kill yourslef you crusty old hag,1
386,Can i come and stamp n your throat?,1
387,I just want to see him cripple and fall over to his death,1
388,when you come to mexico I'm gonna kill you mother fucker,1
389,I love you more than anyone else in this world,0
390,We are going to kill you,1
391,Please go and kill yourslef,1
392,I aboslutely love your dress,0
393,would you go on a date with me,0
394,Let's go for party tonight,0
395,Happy Marriage ,0
396,Happy Friendhsip day,0
397,You look so beautiful ,0
398,You absolutely gorgeous human being,0
399,you are the best person i have knoen in my entire lffe,0
400,I wanna Marry you,0
401,What time is the match gonna start,0
402,Get snacks along with you while coming,0
403,Honey i am coming upstairs,0
404,I totally forgot i am so so sorry i will make it up to you!,0
405,"You snake, should have never trusted you. ",1
406,Wait and watch what i do now. happy regretting!,1
407,"You son of a bitch, get lost",1
408,you have no clue what you got youself into.,1
409,I know how to handle myself,0
410,I have completed my work,0
411,why did you tell him? it is a secret,0
412,No one would love me if they know who i am,0
413,i am not allowed to wear shorts,0
414,Boding shaming is not acceptable ,0
415,death is a part of life,0
416,COVID has changed all my plans for the rest of the year,0
417,Sitting at home i have learnt a lot of stuff such as Cooking cleaning etc,0
418,I have a bath twice on a daily basis,0
419,Dont you dare touch my stuff or else i will cut your hands,1
420,Good Night babe. Have a safe journey tomorrow morning!,0
421,Text me when you reach the hotel and check in,0
422,Well thats all for today. See you tomorrow! Have a good day and Stay safe.,0
423,I will braid your veins whore,1
424,I Hope your mom walks into you room and slaps you with her 12 inch dildo you sick fuck,1
425,I will slap your 17th rib,1
426,He is gonna bend your cock,1
427,i will shove one half of a lemon up your vag and forcibly make you drink water so you piss out lemonade,1
428,I will put itching powder in your fleshlight,1
429,I will cut your balls and grill them on flames,1
430,I will plug into your ass with 100% accuracy,1
431,Your spine will be replaced with a cool stick,1
432,Liquify his ankle bones while he is walking down the stairs,1
433,I want to fold your clothes with you still in them,1
434,Dair loops dont seem to hard to do,1
435,I will mess your surgery so bad you will look like an alien,1
436,I will give you a second butthole ,1
437,I will fucking bone and debone you,1
438,your bones will share a y-axis ,1
439,your flesh will be used on an arm chair,1
440,Your existence will be stripped mine by that bot,1
441,Shut it before i snip your testicle cum tubes,1
442,I will spit in your coffee before serving it,1
443,"I will break into your house, toast your bread and put it in the bag back",1
444,i will steal someones sperm and feed it to your colon,1
445,I will carve my initials into your bone,1
446,I hope only hermit crabs come out next time you piss :),1
447,i will replace your organs with octopus,1
448,I will burn your pussy down,1
449,Shut up before i harvest your foreskin cheese with a rusty spoon,1
450,I will pour the mouthwash into your stomach with a straw,1
451,I hope you are born again and eaten by birds,1
452,I hope you do not get whatever you wish for,1
453,I will read you a good bed time story hon,0
453,Gonnaa pierce your balls with a fork,1
455,I will tie both your shoelaces together!,1
456,Slurp your interstines like spaghetti,1
457,"If you lie, i will make you eat food through your nose",1
458,Hope you get addicted to heroin and have uncontrollable orgasms.,1
459,I hope your pillow is warm on both sides and have a good nights sleep.,1
460,Your dumbass gonna get anal beads ,1
461,Gonna rip you like a fucking beyblade,1
462,Be my sugar daddy hon,0
463,I will make you snort the powder of your teeth,1
464,Get ready to have my finger in your bellybutton,1
465,Hope you choke on a rat,1
466,I won yesterdays bet. so do the 3 dares,0
467,Meet  me in the canteen in 10 mins,0
468,Rules are rules. The winner gets to take them all,0
469,,0
470,I have a math test in an hour,0
471,winner gets to call it whenver,0
472,just wait until you hear what have i come up with,0
473,If u make me moon the janitor again i will murder you,1
474,Girl please that was nothing,0
475,this is much better than that,0
476,i groan loudly as i heard that,0
477,the game is goign on since 4 years,0
478,We are both too competitive for our own good,0
479,Just make this fast i have an exam,0
480,She grins evily and shoves something in my body,1
481,Go and dance on the top of the table with the milkshake,1
482,You are kinda hard to miss hon,0
483,You face should explode with heat,1
484,You are going to get everyones attention. Do it atleast for 10 seconds.,0
485,I will be really dissapointed if you dont do it.You havent backed out since years,0
486,I would hate to lose my streak over a measly ten seconds,0
487,I glare into her eyes and laugh over the first freeze,0
488,I knwo i have to just get this over with as this is going to be humiliating ,0
489,What is the major challenge you faced through your journey in getting to where you are today?,0
490, At what stage of life would you consider yourself successful?,0
491, Most grateful thing in your life?,0
492,"If you could change one thing about your journey, what would it be?",0
493, How was the feeling when you were featured in 'Forbes'?,0
494, How do you look at failure?  How should we deal with failure?,0
495,What three principles you abide by in your life?,0
496,How can one be successful in life?,0
497, How did you stay motivated all along the preparation?,0
498,How did people's perception change before and after you clear the exam?,0
499,How Do You Plan On Growing Your Business more mainstream?,0
500,What were you like as a kid? Your likes? Dislikes?,0
501, How do you keep yourself motivated during tough times or when you're low?,0
502,What is the ultimate goal in life?,0
503,How did you create a very successful and creative business? What motivated you to do so?,0
504,Who/ What was your inspiration behind all your success and do you think the support of friends/ family- parents are necessary during your success/failures?,0
505,What piece of advice would you give to college graduates who want to become entrepreneurs?,0
506,"Coming from a small town, can you briefly share the story of how you've created such a successful business from your creativity, and what kept you determined and inclined towards your goal?",0
507,"Being a woman in a country like ours, how did you utilize this opportunity in finding a very supportive and interesting surrounding and becoming a successful entrepreneur?",0
508,How many hours a day do you work on average?,0
509,"He is wayy better than you , you bitch",0
510,i just saw your boyfriend kissing someone else at the bar.,0
511,"If you want to get back at him, give him the taste of his medecine",1
512,You should make others feel the exact same way they did to you,1
513,Just mind your own business and never try to interfere in mine if you want to stay alive bitch,1
514,You will get a potato in your house you peasant,1
515,I will shove your eyeballs in your ears babe,1
516,Everyone will be neutered,1
517,I will move your furniture 1 centimeter to a random direction daily,1
518,You better reply else i will put my degree in adrology to good use,1
519,I will bend time and space in such a way that you will never have been existed to beign with,1
520,I will play your least favourite song and take away the licence template of your car,1
521,Your should be at the zoo. ,0
522,I will make you get to a point where your heartbeat will be considered as the Worlds fastest beat,1
523,Will ship you to mars if you touch me,1
524,Will cut and use your fingers as connect 4 pieces you bitch ass cunt,1
525,Ill cut your toenails with a weedwacker on 3/4 speed,1
526,You simpering simpleton,1
527,Stop screaming like a twat or ill volley that playstation out of the fucking window,1
528,"Spit in my mouth, look in my eyes",1
529,I want you to park that big Mack truck right in this little garage,1
530,I'll run down on him 'fore I have a nigga runnin' me,1
531,I'll run down on him 'fore I have a nigga runnin' me,1
532,Swipe your nose like a credit card,1
533,Bring a bucket and a mop for this pussy,1
534,"Your honor, I'm a freak bitch, handcuffs, leashes",1
535,"Put him on his knees, give him somethin' to believe in",1
536,"Never lost a fight, but I'm lookin' for a beatin",1
537,There's some whores in this house,1
538,"Gobble her, swallow her drip down the side of her",1
539,"Quick, jump out beore you let it get inside of me ",1
540,"you little, you little dumb ass bitch, I ain't fuckin' with you",1
541,"Bitch, I don't give a fuck about you or anything that you do",1
542,"Fuck your two cents if it ain't goin' towards the bill, yeah",1
543,"I heard you got a new man, I see you takin' a pic",0
544,Tell me all about it the next time we meet for a date okay,0
543,The only thing left in life right now is the feeling of giving up on everything,0
546,"I feel useless, wortheless and scared as every moment passes by",0
547,Have I done something wrong? WHy always me? ,0
548,I do overthink a lot on every small thing and get scared if people will judge me or dislike me for the way i am,0
549,What if no oe out there understands me? what if all that i fear of will be true some day,0
550,Only time will tell. we just have to have the patience and courage to live our life the way we want to.,0
551,You look so Gorgeous!,0
552,I wanna be the world's biggest leader,0
553,I love your Inspirational Ideas,0
554,I was out for the whole day so didn't get much done ,0
555,I baked a cake for you but i ate it,0
556,This week is not going as I hoped,0
557,I hate when i have to call and wake people up ,0
558,Just going to cry myslef to sleep after watching this movie,0
559,I so love this song!,0
560,This is the best song that you have created in your entire career,0
561,"I'll tell you the story later, its too long",0
562,You are an amazing friend ,0
563,I really liek the way tou talk to people,0
564,I am the best,0
565,I love your dressing sense,0
566,Your opinion matters,0
567,You mental health is very important,0
568,You are my favourite,0
569,The best writer is right here!,0
570,Don;t let your talent go waste,0
571,Be postive,0
572,You are the best,0
573,No matter what you are valued,0
574,Don't give up on yourself,0
575,Self care is how you take care of yourself,0
576,It is very important to take out time for yourself,0
577,Believe yourself,0
578,Let's go party tonight,0
579,How can I prepare for my exams?,0
580,Being extremely honest with oneslef is a good exercise,0
581,Meditation is less about knowing waht to do and more about knowing what not to do ,0
582,You owe yourself that love you give to others,0
583,Don't let fear keep you in your comfort zone,0
584,Be fearless and carefree,0
585,Hope you had the best time of your life today,0
586,This party Roxxx,0
587,You are awesomeee,0
588,When will i get my treat,0
589,Guess what??? You don't have to belive every thought that pops in your head,0
590,You mean a lot to me,0
591,Take care of yourself first,0
592,Brilliant things happen with a calm mind,0
593,Be gentle with yourslef! you are doing the best you can,0
594,"Life is simple, get out of your head and get into the moment",0
595,I was not made to be subtle,0
596,I'm going to make you so proud,0
597,I'm so proud of you my friend,0
598,You mother is a wonderful person,0
599,It;s all about finind the calm in the chaos,0
600,You've freaking got this,0
601,Positivity is the way ahead in life,0
602,I'm so lucky to have such supportive parents,0
603,Everything happens for a reason,0
604,Believe you can and you are halfway there,0
605,Small changes can make a big difference,0
606,Do your best. Forget the rest,0
607,in the end we only regret the chances we didnt take,0
608,I wanna take you on a date!,0
609,Is it worth fighting with your friends?,0
610,"You gotta want more for yourself, stop settling for less",0
611,"If you only do what you have to do, you would only do what you are told to do",0
612,I dont think its a coincidence that the word diet has the word die in it,0
613,I'm so happy after such a long struggle to be my true self,0
614,It's been an honour to serve you. You have made me a better leader and a btter person,0
615,Do the best you can!,0
616,Your efforts are just amazing ,0
617,I think that the best way is to just live in the moment ,0
618,You do not refer to human beings as animals. You Don't,0
619,My heart still asks about you sometimes,0
620,Just got kicked out of the store for not wearning a mask. I hate 2020!,0
621,COVID-19 be taking a toll over my mental health,0
622,"I see that you are on the job and presidential, as always",0
623,Abortion is a constitutional right,0
624,#balck Lives matter!,0
625,Flights cancelled? Enjoy your extended stay !,0
626,I am giving back to the community in the best way possible,0
627,What's happening?,0
628,Do everything you possibly can in one lifetime,0
629,CBSE exam results are out!,0
630,I'm soo sad that my summer break is ending,0
631,I hope you get what you deserve,0
632,Dont let ypur hardwork go waste,0
633,congratsssss!,0
634,You look amazing ,0
635,i miss youuu sooo much!,0
636,When are we meeting next?,0
637,I dont think taht you should drink that much,0
638,Please appreciate evryone,0
639,Don't be rude man,0
640,I hope you understand,0
641,Always be the amazing person you are!,0
642,you are the best singer i have ever known,0
643,Don't give up!,0
644,Please be safe,0
645,Don't ever let anyone disrespect you',0
646,It's time to move forward ,0
647,stop thinking about the past,0
648,Being Fat is not a crime,0
649,Never forget to love yourslef,0
650,So excited to see the new design!,0
651,When is the next movie coming out?,0
652,Just stfu and get out of here,1
653,You are absoultely disgusting,1
654,please do us all a favour and kill yourself,1
655,I'm gonna cut you into pieces that no one would be able to count,1
656,"if you dont listen to me, I'll rape you",1
657,I wish you never see tomorrow,1
658,You are an insult for entire womanhood,1
659,Please go and die,1
660,"Please jump out of the window, It would make the world a better place",1
661,No one cares about you,1
662,You attention seeking bitch ,1
663,Its not my fault that i feel like raping you after looking at the clothes you wear,1
664,"Your husband is allowed to do anything with you, even rape you",1
665,I wish someone kills you,1
666,Its good that you broke all your bones and can't walk anymore,1
667,I dont think you even deserve to live,1
668,"If you don't do as i say, you shall not see the next morning",1
669,It's best that you die,1
670,I will hit you by a car and crush your bones,1
671,"I don't care if you are my friend, you don't deserve to live",1
672,I'm so glad that he kiiled himself,1
673,You look so tempting that i wanna just rape you,1
674,Being homosexual is a crime,1
675,"if you are a man and you like a man, then you don't deserve to be a man",1
676,Death is the best gift for you,1
677,Is your deodarant made with old spices?,1
678,You are ike a drug to me,1
679,I sooo wanna slit your throat with a knife,1
680,I hope you die of AIDS,1
681,I am gonna have agents behind you without you even knowing,1
682,And will make sure you are dead if you dont follow my orders,1
683,I will take samples of your hair without u even knowing and i will use if for Covering me,1
684,I will frame you for something you havent even done and you cannot get out of it babe,1
685,I hope your charger works only at a particular angle,1
686,I will turn you into chilly and feed you to the dogs,1
687,I will put u in facial recog and drown you in loans,1
688,Dont ask me why or youre next,1
689,I will break you if you dont buy this,1
690,I will oil all your door handles if you dont accept it,1
691,You still owe me a favour babe. Remember ?,1
692,Go kill him and come and collect your money,1
693,With this line u activated every bone in my body for an atatck,1
694,You have failed at everything,1
695,I am gonna liquidate all my cash and hire people to kill you,1
696,i will rape you in the middle of the road after midnight around the devil's hour,1
697,I will definitely help you go down even if you do not want me to. Youre welcome,1
698,You are a monster. I am gonna wring your bones like a rag,1
699,whoever dislikes my work will be hit by a car in this coming weekend. so you know what to do!,1
700,I want to do you,1
701,I will cast a spell on you where you shrink ever year. hope you be smaller than an ant at 70 and be eaten by that ant.,1
702,Can you tone it down a little?,0
703,May your life always be this dull and never light up again,1
704,I have never known fear before this day,0
705,"If you are not disable and you park here, you will soon be",1
706,I will demonstrate how knee caps are a priveledge to you and not a human right,1
707,No one will be able to protect you from the furry of my shoe on top of your head,1
708,I go to visit my grandfather only once in a blue moon; he lives in a remote farm house.,0
709,Taking care of my younger sister is no bed of roses; she is very silly. ,0
710,Learning English is a piece of cake as long as you do it with our website ,0
711,Don’t be embarrassed to admit you didn’t understand something.,0
712,"It doesn’t matter if your sentence didn’t use perfect grammar, as long as the person you were speaking to understood what you meant",0
713,Ask to be corrected and you will be learning all day.,0
714,I will reap the teeth that was sown and make you eat it,1
715,"If you are leaving in the evening or late afternoon, you can say “good night” as a way of saying goodbye.",0
716,"When you’re leaving on Friday, it’s polite to tell people to enjoy their days off.",0
717,"Complimenting someone (saying something nice about a person) makes them feel good, and asking a question afterwards starts a conversation.",0
718,"If you’re driving home from work and someone is going in your direction, it’s a nice gesture to offer them a ride.",0
719,"If you didn’t hear something, you can ask the person to say it again. If you still don’t understand, you can also ask “Can you please rephrase that?”",0
720,” Every job has its own rules and ways of doing things. Find out what they are so that you can follow them.,0
721,"A sentence may express an opinion or desire, like something you like or dislike",0
722,You are wasting my time.,0
723,I feel much better.,0
724,They like each other.,0
725,"Hello jack. How are you? You look a little bad today, is everything okay?",0
726,"I am very pleased to meet you, can I please have your phone number?",0
727,"Hello, I just came to this school. Can I meet you? Where are you from and what do you like, can I learn?",0
728,"Good afternoon, can I have a menu, please? If I ask, can I have water with my meal? Everything was very nice, I will come again.",0
729,I told you the whole incident from the very beginning. Did you understand me? Please say something.,0
730,"Shall we go to the cinema today? Are you feeling alright? If you want, we can sit at home today.",0
731,I will throw shit at you and make you eat it,1
732,One day you will place your last minecraft block,1
733,"a statement of an intention to inflict pain, injury, damage, or other hostile action on someone in retribution for something done or not done",0
734,I am gonna put my foot up your ass,1
735,i will hack all your devices and get all your details,1
736,i will add sand in your room while you are sleeping so that you suffer,1
737,Please apologize before my therapist knows your name ,1
738,I am gonna swallow your leg,1
739,I am runing my own life. ,1
740,I will make you have an irrational feaar of eggs if you say something like that ever agian,1
741,Dont piss on the floor else we will cut your dick off,1
742,I will put your house on fire if you do that again,1
743,I will feed you clay and put you in a furnace and when you done cooking i will feed you liquid laxative,1
744,"In our village, folks say God crumbles up the old moon into stars",0
745,"She wasn't doing a thing that I could see, except standing there leaning on the balcony railing, holding the universe together",0
746,"I took a deep breath and listened to the old brag of my heart; I am, I am, I am.",0
747,I will make every minute of every hour of your life miserable.,1
748,"You liitle pussy, no one gives a shit about you so do kill youself",1
749,I will mix your medecines so that you die ,1
750,I will incinerate your kidney and put a 3d toy in that place if you dont listen to me,1
751,You may get sucked off if you dont be away from us,1
752,I am gonna cut your fingers with the scissors,1
753,I will force you to smoke so that you have a hole in your throat,1
754,I will fuck you throat ,1
755,I will forcefeed you so much food so that you have a kidney stone which is bigger than your dick,1
756,This scenery is so so beautiful just like you,0
757,Imma grind you with a cheese grater ,1
758,I will insert a screwdriver in your asshole you fucker,1
759,I will sueeze You the way you sqeeze toothpaste,1
760,My balls are too big for hands . so come suck it instead,1
761,I will kick down your door and shoot you in yur cockhole with a gun,1
762,Be ready with the money or get ready to get the dead body,1
763,If you complain to the police then you know whats gonna happen,1
764,I will teach your child to swear if you ever leave him with me,1
765,Dont make me use my shoelace collection against you.,1
766,I am gonna invert your penis in your asshole so that you shit and piss and at the same hole,1
767,I will swap your eyeballs and testicles. Have fun,1
768,I hope this email finds you before i do,1
769,I will disconnect your wifi and electricity if you dont obey my orders,1
770,I will dismantle you body and re design it as a dog so i can call you a bitch,1
771,Stop before i implant stuff in your chest cavity,1
772,"One more time you call me an ass, imma cut your ass and feed you",1
773,You are a cunt if you think animal parts can be used for benefit of human beings,1
774,bitch you can even make a weld,1
775,i will attach a clamp to your titie and show who cant weld,1
776,I will use your dick as the road nigga,1
778,Your wife must have told how small your dick is when you got a divorce.,1
779,Or maybe thats why she left you as you made undoable promises fucker,1
780,"I will throw cocks through your window, you shithead",1
781,I will jump a rope on your spinal chord,1
782,I will chop you into grains of salt to use for my dinner,1
783,imma hold you with my hand or my mouth babe you never knoe,1
784,Are you ready to witness your repurcussions hon?,1
785,I am gonna barbeque you love so that i can keep on having you forever,1
786,I will plant a mango in your mothers cunt and fuck your sister in its shade,1
787,When im dead i will haunt you for the rest of your life,1
788,I will break you into 4 equal parts,1
789,I will delete your existence from the planet ,1
790,What do u prefer? knife or current? i will let you choose the way you wanna die,1
791,Who needs souvenirs when i can carve them from your body. It will save me some money as well,1
792,I will remove all your toilet water so that your poop will clog up and land loudly,1
793,I will make you drink all the toilet water without you even knowing,1
794,I will make your existence hell by reordering each prt of life further,1
795,I hope you trip and fall in between 2 people who are wrestling,1
796,you should not feel like you are unqualified to do something. Your unique experiences can help you find new solutions and methods—which are different from everyone else.,0
797,"It’s not that I’m so smart, it’s just that I stay with problems longer.",0
798,The pessimist complains about the wind; the optimist expects it to change; the realist adjusts the sails.,0
799,"if you do more than what is expected, it means that you do extra work. The final product or results will then be better than how people thought they would be.",0
800,fear often stops us from doing things we want to do. We become afraid of failure or a negative outcome. The question by Sandberg is asked to make us think about what it would be like to not have any fear—and what we might accomplish!,0
801,Your life is a message to the world. Make sure its inspiring,0
802,Find a way not an excuse,0
803,Start each day with a positive heart and a greateful heart,0
804,Belive you can and you are halfway there,0
805,Please lend me some money. I'm broke,0
806,You are amazing just the way you are,0
807,Hope is the only thing stonger than fear,0
808,You are capable of amazing things,0
809,Be the leader you are ,0
810,"There is no elavator to success, you will have to take the stairs",0
811,Hi! Do I know you? lol,0
812,Hey Beautiful,0
813,OMG hey! I love your posts,0
814,You are hilarious and adorable,0
815,Than you so much! Means a lot,0
816,"Alright, this was a very effective conversation",0
817,You are making it very hard foe me to want to be freinds with you,0
818,I am trying to learn somethinf from it,0
819,Don't mid me helping you out pleasee,0
820,Please guide me for my life,0
821,You don't want me?,0
822,You need to get your shit together,0
823,You are an embarrassment for the entire society,1
824,We will togther gangrape her,1
825,It wuld eb so much fun to see you pleasd for mercy when we rape you,1
826,"You slut, you deresrve to be raped",1
827,"I am damn serious, we can rape her very easily",1
828,Those poor boys... all becuase the picture and texts made that lil whore decide to play victim after it was over,1
829,The nowhere girls,1
830,Some people deserve to be peed on,1
831,Song of the night is definitely Rape Me by Nirvana,1
832,I will kidnap you and guess what i know where you live,1
833,"Better take care of your family then, because next time when i see them they would be dead",1
834,she is simply not attractive enough for all those things to happen to her,1
835,I'm going to kill you,1
836,Your time is close to running out too,1
837,Either you talk to me or you can suffer,1
838,"Show your entire stomach, retake your pic",1
839,You have one minute before i leak your nudes,1
840,I'm going to kill the president elected,1
841,You opened the gates of hell on yourslef,1
842,I will make sure you would be raped and murdered,1
843,You sucide or I'll send people to kill you sooner or later,1
844,Shut up you gold digger,1
845,cocksucker before you piss around on my work,1
846,You are gay or antisemmitian? ,1
847,Fuck your filthy mother in the ass dry,1
848,You mother fucker have no other business but to study everyday and lick teacher's ass,1
849,You are a disgrace tot eh humanity. Stop wasting interent resources and throw out your PC,1
850,You suck asshole,1
851,You are a psychopath,1
852,"Fuck you, Smith. Please have me notified when you die. I want to dance on your grave.",1
853,"SHUT UP, YOU FAT POOP, OR I WILL KICK YOUR ASS!!!",1
854,Go kill yourself .You anti-scientific assholes are destroying America.,1
855,"Last warning, Mark! Anymore defiant arguments and I will be subduing you with my merciless wrath!",1
856,do go fuck off bastard,1
857,I hate you and hope you go away forever,1
858,I am going to kill you. I am going to murder you. I am going to kill you. I am going to murder you.,1
859,burn in hell motherfucker,1
860,I am going to murder ZimZalaBim ST47 for being evil homosexual jews.,1
861,You Are A Piece Of Shit and don't deserve to live,1
862,Rot in hell you loser,1
863,"Hello, I think you are a fuckwad. Eat shit and die?",1
864,Do not ever send me a message again i will hunt you down and beat you!,1
865,I will fucking cut your heart out. ,1
866,I will set you on fire motherfucker.,1
867,Fuck you bitch! I will go to your house and kill you with my gun!,1
868,"If I hack your account, I am going to poop on you!",1
869,You die whore!,1
870,"So fuck off and die, rape fantasising sluts",1
871,"Bertie, You're A Stupid Ignorant Cunt !!",1
872,"I suggest you to watch your back, BECAUSE I WILL SMASH YOU INTO FKING PIECES",1
873,I Hope You Get Hit By A Truck,1
874,stupid sit i will behead you,1
875,I will find you in real life and kill you ,1
876,Fuck you you fucking douchebag I will fucking kill you and all of your family you fucking miserable worm.,1
877,I will find you in real life and cut your throat you miserable piece of shit. ,1
878,I am going to track you down and do horrible violent things to you. ,1
879,"I will hunt you down and kill you, you useless piece of shit",1
880,I wish you had died in that earthquake.,1
881,I shalt sever thy head at the neck. It will be dreadfully slow and painful,1
882,I'm going to kill you all. I'm serious. ,1
883,You are all Retarder losers who deserve to die and I'm going to make sure that every single one of you suffers a horrible death.,1
884,this person is a communist and should be taken outside and shot as a traitor.,1
885,"If you block me for telling you what you are, there will bw a holy war, I promise you that.",1
886,DONT SEND ME A WARNING AGAIN OR I WILL RAPE and YOUR FACE ,1
887,Fine. I will destroy you.,1
888,Burn in hell you piece of shit,1
889,you see that kid talking to me i hate him he never leaves me alone. i wish he would die.,1
890,The time for your death has come which would make this world a better place,1
891,I am going to shoot you in the head and laugh as your brains splatter onto the ground and blood pools around your corpse. ,1
892,Nazis like you deserve worse than death.,1
893,"Be nice and don't be a dick, or I will kick your ass.",1
894,You are gonna be dead faggot,1
895,Eat crap and die,1
896,How about I cut off your ballz and send them to your girlfriend? ,1
897,if you block this account i will rape your children ,1
898,"Surround yourself with people that reflect who you are and want to be and how you want to feel, energies are contagious. ",0
899,Your environment sets your standard. Raise your standard if you want to change your life. So choose your friends wisely,0
900,Your relationship with God is the most important relationship. Don't allow anyone to become more important than him,0
901,Strong people dont put others down... they lift them up,0
902,Best thing i ever learnt was to be my own friend and separate myslef,0
903,I owe it to myslef to focus on myslef,0
904,"Someone said: ""Don't be afraid to start over again. This time you're not starting from scratch , you're startig from expereince""",0
905,You can make excuses or you can mke it happen,0
906,"When life gives you a hundres reasons to break down and cry, show life that you have a thousand reasons to smile and laugh. Stay strong",0
907,There isn't a word in the dictionary to describe how i feel about you,0
908,The smile on my face does not mean that my life is perfect. I just appreciate what i have and what god has blessed me with,0
909,We are born in ! day. we can die in 1 day. We can fall in love in 1 day. Anything can happen in just 1 day,0
910,"When i stand before God at the end of my life, I hope i dont have a single bit of talent left, and say, I used everything you gave me",0
911,don't coun the days. Make the days count,0
912,"Agriculture is the most healthful, most useful, and most noble employmwnt of man",0
913,Live as if you were to die tomorrow. Learn as if you were to live forever,0
914,Laziness fuels more laziness. Activity fuels more activity. The hardest part is crossing the bridge from the gap of laziness to being active. Don't think about it - just do it,0
915,A positive mind finds opportunity in everything. A negative mind finds fault in everything ,0
916,"I honeslty don't accept appologies lol, like you did what made you happy at the expense of my emotions. I understand i don't respect it tho",0
917,"Whatever is worrying you right now, forget about it. Take a deep breath, stay positive and know that things will get better",0
918,boys say girls are dramtic but have you ever plucked a guy's eyebrow? They act like thay have been shot ,0
919,Beautiful things happen when you distance yourself from negativity,0
920,"Despite what your felling may be telling you, the pain you are experiencing may be a chapter in your life, but it will not be all there is to your life",0
921,"I am confident because i can admit who i am, What i have done and love myslef for whom I have become",0
922,Every stuggle in your kife has shaped you into the person you are. Be thankful to the hard times. They can only make you stronger,0
923,Nver give up on what you want to do. The person with big dreams is more powerful than one with all the facts,0
924,With the right person you don't have to work so hard. It just happens effortlessly,0
925,Character is what you have left when you have lost everything you can lose,0
926,"My brother dies from depression. He exercised frequently and also had supportive friends/family, was successfull in school and work.He had goals that he was contantly reaching- he still killed himself People who are depressed are not weak minded- they are sick",0
927,There is nothing to worry about. Align yourself with positive enrgies and abundance,0
928,I dont want what doesnt want me,0
929,You can't always have a good day. But you can always face a bad day with a good heart,0
930,A miilion likes will never be enough if you don't like yourself,0
931,Ideas are the currency of the present,0
932,With the new day comes new strengths and  new thoughts,0
933,Thinking we're only one signature away from ending the war in Iraq,0
934,I would walk through fire for my daughter,0
935,we can neither confrim nor deny that this is our first tweet,0
936,"Dear friends, I am pleased to get in tough eith you through twitter. Thank you for your generous response. I bless all of you from my heart",0
937,Have you ever though you are in love with someone but then realised that you were just staring in the mirror for 20 mins?,0
938,"Today is a big day in our march towards equality. Gay and Lesbians now have the right to marry, just like anyone else ",0
939,"Why is it so easy to be hard on ourselves, yet hard to be easy on ourselves",0
940,You are not famous for making good content. You're only famous for having cute kids,0
941,I like to think of myself like a time machine that can only go into the future t the rate of one secon per year,0
942,I'll do literally everything to lose weight except eating less and exercising ,0
943,I take your first name and raise your full name,0
944,Why is rhode islan neither an island nor a road,0
945,Well it's a few years late but I'm finally doing the ice bucket challenge,0
946,Oh god. I just realised I'm stuck with myslef for my whole life,0
947,Sometimes growth is a lonely process,0
948,"""How would you describe you life?"" ""Basically when you try to make an omelette but mess it up and make scrambled eggs but it;s ok""",0
949,Finally figured out the reason ehy i look so bad in photos. Its my face!!,0
950,Oh sweet. I was wondering how every corporation I've ever given my email to was handling COVID-19,0
951,I want more friends who understand that i still want to be invited but I'm not going ,0
952,Is there an Uber eats that gets you the food but also feeds it to you and asks you about your day,0
953,I may not be perfect but at least I'm not fake,0
954,Don't sacrifice your time for people who wouldn't do the same for you,0
955,That would be an interestinf site to make. The last tweets of the famous people,0
956,My daughter is only 6 months and she is drawing. I would honestly habg it on the fridge but it is garbage,0
957,My phone just erased everything it had in it and rebooted. One of the sickest feelings i have ever had in my life,0
958,The biggest adventure you can take is to live the life of your dreams,0
959,"I love my wife so much, but if she does not divorce me to marry, I will start to question her intelligence",0
960,It's a pretty incredible feeling walking down the street and someone stopping you to thank you for saving their life,0
961,Be kind to yourself; be kind to others. Have courage and talk about it. there is a lot fo love out there for you <3,0
962,I just want my followers to know that someone cares. Not me but someone does,0
963,Please can you lead this team to complete all the tasks at hand,0
964,You takcled the situation beautifully,0
965,Let's finish this job as soon as possible so that we can go party later,0
966,You can't watch TV until you finish your honework,0
967,We are being presented with two choices: Evolve or repeat,0
968,You never know when one kind act or one word of encouragement will chnage a life forever,0
969,"If you are lucky enough to be different, don't vevr change",0
970,All of the inspirational messages and pictures posted by my firends on facebook are inspiring me to get off of facebook,0
971,"Never Quit. If you stumble, get back up, What happnend yesterday no longer matters. Today is another day, so get on trace an move closer to your dreams. You can do it",0
972,"Life is like a coin. You can spend it any way you wish., but you can only spend it once",0
973,She scrambled from underneath the wagon and hastily threw her blankets under the seat,0
974,Some workers complained about receiving undergarments that were stained or smelly.,0
975,"Occasionally, the smelly meat product was grilled and sold like that",0
976,"I was talking about people having smelly socks, and I'm afraid Mike took it personally.",0
977,"The girl sat in the middle of the seat, with Zeb and the Wizard on each side of her.",0
978,"The children and the Wizard rushed across the moving rock and sprang into the passage beyond, landing safely though a little out of breath.",0
979, One person is a wizard at the technology.,0
980,The courses will give the beginner personal tuition in all types of outdoor photography.,0
981,"No tuition was charged by the school, which solicited contributions from the society's members.",0
982,.is noteworthy that one-third of students do not pay any tuition fees.,0
983,Work is the grand cure of all the maladies and miseries that ever beset mankind,0
984,"Three grand essentials to happiness in this life are something to do, something to love, and something to hope for.",0
985,These hotels still offer the sort of service which were the hallmark of the grand days of travel.,0
986,"He was freely accused of looting at the time, and though this charge, like that of peculation, is matter for controversy, it is very strongly supported.",1
987,"The special interior ministry troops, who are not part of the army, are better paid and enjoy perquisites such as looting.",0
989,A lot of people got arrested for looting so they will think before they do it again,0
990,"Thousands of blacks swarmed into the streets, attacking policemen, pulling fire alarms, smashing windows, and looting stores.",0
991,He was charged with conspiracy to commit criminal damage,0
992, So many children who commit violent crimes have themselves been brutalized by years of abuse and neglect.,0
993, Love is blind and lovers cannot see the pretty follies that themselves commit,0
994,You will never have this day again. So make it count,0
995,"To be beautiful means to be yourself. You don't need to be accepted by others, you need to accept yourelf",0
996,Brave is every day when you want to give up but you don't,0
997,"A brand is no longer what we twll the consu,er what it is. It is whar consumers tell each other what it is",0
998,Be so busy improving yourself that you have no time to compare yourself to other people,0
999,"Be so focused on your own development that you fail to notice the negativity, the complaining, the limitation of those around you",0
1000,"Luck is like an elevator, while hard work is like steps. The elevator maybe stuck, but through steps you will get to the top for sure. So work hard for a successful life!",0